Label,Image
Red 1,https://raw.githubusercontent.com/john-costanzo/uno-card-images/master/Red_1.png
Red 2,https://raw.githubusercontent.com/john-costanzo/uno-card-images/master/Red_2.png
Red 3,https://raw.githubusercontent.com/john-costanzo/uno-card-images/master/Red_3.png
Red 4,https://raw.githubusercontent.com/john-costanzo/uno-card-images/master/Red_4.png
Red 5,https://raw.githubusercontent.com/john-costanzo/uno-card-images/master/Red_5.png
Red 6,https://raw.githubusercontent.com/john-costanzo/uno-card-images/master/Red_6.png
Red 7,https://raw.githubusercontent.com/john-costanzo/uno-card-images/master/Red_7.png
Red 8,https://raw.githubusercontent.com/john-costanzo/uno-card-images/master/Red_8.png
Red 9,https://raw.githubusercontent.com/john-costanzo/uno-card-images/master/Red_9.png
Yellow 1,https://raw.githubusercontent.com/john-costanzo/uno-card-images/master/Yellow_1.png
Yellow 2,https://raw.githubusercontent.com/john-costanzo/uno-card-images/master/Yellow_2.png
Yellow 3,https://raw.githubusercontent.com/john-costanzo/uno-card-images/master/Yellow_3.png
Yellow 4,https://raw.githubusercontent.com/john-costanzo/uno-card-images/master/Yellow_4.png
Yellow 5,https://raw.githubusercontent.com/john-costanzo/uno-card-images/master/Yellow_5.png
Yellow 6,https://raw.githubusercontent.com/john-costanzo/uno-card-images/master/Yellow_6.png
Yellow 7,https://raw.githubusercontent.com/john-costanzo/uno-card-images/master/Yellow_7.png
Yellow 8,https://raw.githubusercontent.com/john-costanzo/uno-card-images/master/Yellow_8.png
Yellow 9,https://raw.githubusercontent.com/john-costanzo/uno-card-images/master/Yellow_9.png
Green 1,https://raw.githubusercontent.com/john-costanzo/uno-card-images/master/Green_1.png
Green 2,https://raw.githubusercontent.com/john-costanzo/uno-card-images/master/Green_2.png
Green 3,https://raw.githubusercontent.com/john-costanzo/uno-card-images/master/Green_3.png
Green 4,https://raw.githubusercontent.com/john-costanzo/uno-card-images/master/Green_4.png
Green 5,https://raw.githubusercontent.com/john-costanzo/uno-card-images/master/Green_5.png
Green 6,https://raw.githubusercontent.com/john-costanzo/uno-card-images/master/Green_6.png
Green 7,https://raw.githubusercontent.com/john-costanzo/uno-card-images/master/Green_7.png
Green 8,https://raw.githubusercontent.com/john-costanzo/uno-card-images/master/Green_8.png
Green 9,https://raw.githubusercontent.com/john-costanzo/uno-card-images/master/Green_9.png
Blue 1,https://raw.githubusercontent.com/john-costanzo/uno-card-images/master/Blue_1.png
Blue 2,https://raw.githubusercontent.com/john-costanzo/uno-card-images/master/Blue_2.png
Blue 3,https://raw.githubusercontent.com/john-costanzo/uno-card-images/master/Blue_3.png
Blue 4,https://raw.githubusercontent.com/john-costanzo/uno-card-images/master/Blue_4.png
Blue 5,https://raw.githubusercontent.com/john-costanzo/uno-card-images/master/Blue_5.png
Blue 6,https://raw.githubusercontent.com/john-costanzo/uno-card-images/master/Blue_6.png
Blue 7,https://raw.githubusercontent.com/john-costanzo/uno-card-images/master/Blue_7.png
Blue 8,https://raw.githubusercontent.com/john-costanzo/uno-card-images/master/Blue_8.png
Blue 9,https://raw.githubusercontent.com/john-costanzo/uno-card-images/master/Blue_9.png
Red Skip,https://raw.githubusercontent.com/john-costanzo/uno-card-images/master/Red_Skip.png
Yellow Skip,https://raw.githubusercontent.com/john-costanzo/uno-card-images/master/Yellow_Skip.png
Green Skip,https://raw.githubusercontent.com/john-costanzo/uno-card-images/master/Green_Skip.png
Blue Skip,https://raw.githubusercontent.com/john-costanzo/uno-card-images/master/Blue_Skip.png
Wild Card Change Colour,https://raw.githubusercontent.com/john-costanzo/uno-card-images/master/Wild_Card_Change_Colour.png
Red10,https://raw.githubusercontent.com/john-costanzo/phase-ten-card-images/master/Red10.png
Red11,https://raw.githubusercontent.com/john-costanzo/phase-ten-card-images/master/Red11.png
Red12,https://raw.githubusercontent.com/john-costanzo/phase-ten-card-images/master/Red12.png
Yellow10,https://raw.githubusercontent.com/john-costanzo/phase-ten-card-images/master/Yellow10.png
Yellow11,https://raw.githubusercontent.com/john-costanzo/phase-ten-card-images/master/Yellow11.png
Yellow12,https://raw.githubusercontent.com/john-costanzo/phase-ten-card-images/master/Yellow12.png
Green10,https://raw.githubusercontent.com/john-costanzo/phase-ten-card-images/master/Green10.png
Green11,https://raw.githubusercontent.com/john-costanzo/phase-ten-card-images/master/Green11.png
Green12,https://raw.githubusercontent.com/john-costanzo/phase-ten-card-images/master/Green12.png
Blue10,https://raw.githubusercontent.com/john-costanzo/phase-ten-card-images/master/Blue10.png
Blue11,https://raw.githubusercontent.com/john-costanzo/phase-ten-card-images/master/Blue11.png
Blue12,https://raw.githubusercontent.com/john-costanzo/phase-ten-card-images/master/Blue12.png